<?xml version="1.0"?>
<?xml-stylesheet type="text/css" href="cricket.css" ?>

<Cricket>
	<Player>
		<Name>Sachin Tendulakar</Name>
		<Matches>500</Matches>
		<Innings>400</Innings>
		<Notout>200</Notout>
		<Runs>20000</Runs>
	</Player>
<Player>
		<Name>Rahul Dravid</Name>
		<Matches>400</Matches>
		<Innings>300</Innings>
		<Notout>150</Notout>
		<Runs>15000</Runs>
</Player>
<Player>
		<Name>MS Dhoni</Name>
		<Matches>200</Matches>
		<Innings>100</Innings>
		<Notout>50</Notout>
		<Runs>5000</Runs>
</Player>
	
</Cricket>
